{"train/loss": 0.345564067363739, "dev/loss": 0.6864560961723327, "dev/de_f1": 0.0, "dev/all_f1": 0.0, "_timestamp": 1670579879.821302, "_runtime": 112.59817290306091, "_step": 1}